{
  "appName": "Saving The Great Salt Lake",
  "mission": "Mobilize awareness and action to protect the Great Salt Lake\u2014showcasing research, stories, and simple steps students can take right now.",
  "hero": "With federal protection and funding, the lake can avoid further degradation and pollution. Your voice matters.",
  "posts": [
    {
      "id": "p1",
      "title": "Why National Park Designation for Great Salt Lake?",
      "body": "National Park status could unlock durable federal protection, funding, and unified management for the lake\u2019s ecosystems, public health, and recreation. The lake hit a historic low on July 3, 2022, underscoring long\u2011term risk without sustained action. Designation would raise national visibility, attract resources, and align agencies around keeping water flowing to the lake.",
      "tags": [
        "policy",
        "overview"
      ],
      "image": "https://www.usgs.gov/media/images/great-salt-lake-comparison-1986-and-2022",
      "alt": "USGS comparison showing Great Salt Lake at record high (1986) vs. historic low (2022).",
      "imageCredit": "USGS Landsat before/after (Public Domain).",
      "source": {
        "title": "USGS: Great Salt Lake comparison, 1986 and 2022",
        "link": "https://www.usgs.gov/media/before-after/great-salt-lake-comparison-1986-and-2022"
      }
    },
    {
      "id": "p2",
      "title": "A Global Bird Hub\u201412 Million Migrants",
      "body": "Great Salt Lake and its wetlands are an irreplaceable stopover for ~12 million migratory birds across 339 species on the Pacific Flyway. Protecting lake levels safeguards habitat for avocets, eared grebes, phalaropes, pelicans, and shorebirds that depend on brine shrimp and flies during long migrations.",
      "tags": [
        "ecology",
        "birds"
      ],
      "image": "https://upload.wikimedia.org/wikipedia/commons/5/54/American_avocet_%2884239%29.jpg",
      "alt": "American Avocet in shallow water near Great Salt Lake.",
      "imageCredit": "American Avocet (CC BY-SA 4.0 via Wikimedia Commons).",
      "source": {
        "title": "Audubon: Our Work on Great Salt Lake",
        "link": "https://www.audubon.org/news/our-work-great-salt-lake"
      }
    },
    {
      "id": "p3",
      "title": "Public Health: Dust & Arsenic Concerns",
      "body": "As lakebed dries, windblown dust can carry harmful particles from the exposed playa. University of Utah researchers found sediments have elevated oxidative potential\u2014an indicator of greater health risk. Local outlets have documented dust plumes reaching Utah County. Keeping water in the lake reduces exposed playa and dust events.",
      "tags": [
        "health",
        "air-quality"
      ],
      "image": "https://upload.wikimedia.org/wikipedia/commons/1/1c/Great_Salt_Lake_Sunset.jpg",
      "alt": "Hazy sunset over Great Salt Lake shoreline.",
      "imageCredit": "Adam Segal\u2011Isaacson (CC BY-SA 4.0 via Wikimedia Commons).",
      "source": {
        "title": "U of U: How dangerous is Great Salt Lake dust? + KSL dust report",
        "link": "https://attheu.utah.edu/research/just-how-dangerous-is-great-salt-lake-dust-new-research-looks-for-clues/"
      }
    },
    {
      "id": "p4",
      "title": "Economy: Brine Shrimp & Local Jobs",
      "body": "The lake\u2019s brine shrimp industry is valued at tens of millions of dollars annually and supports aquaculture worldwide. Industry value can range from roughly $10\u2013$60M depending on cyst quality and quantity, with broader global food supply linkages.",
      "tags": [
        "economy",
        "industry"
      ],
      "image": "https://upload.wikimedia.org/wikipedia/commons/0/0a/Great_Salt_Lake_%28MODIS_2025-06-16%29.jpg",
      "alt": "Satellite view of Great Salt Lake (June 2025).",
      "imageCredit": "NASA MODIS (Public Domain via Wikimedia Commons).",
      "source": {
        "title": "Utah DWR GSLEP: Brine shrimp harvests",
        "link": "https://wildlife.utah.gov/gslep/harvests.html"
      }
    },
    {
      "id": "p5",
      "title": "Where Lake Levels Stand\u2014And Why It Matters",
      "body": "After a historic low in 2022, wet winters in 2023\u20132024 boosted levels by several feet, but experts warn recovery is fragile without guaranteed inflows. Conservation measures and smart water management remain essential for long\u2011term stability.",
      "tags": [
        "water",
        "status"
      ],
      "image": "https://upload.wikimedia.org/wikipedia/commons/1/1f/Great_Salt_Lake%2C_USA.jpg",
      "alt": "Oblique aerial of the lake\u2019s south arm and shoreline.",
      "imageCredit": "Public domain photo via Wikimedia Commons.",
      "source": {
        "title": "USGS historic low; WSJ on rebound & conservation",
        "link": "https://www.usgs.gov/media/before-after/great-salt-lake-comparison-1986-and-2022"
      }
    },
    {
      "id": "p6",
      "title": "Policy: \u2018Water Shepherding\u2019 So Savings Reach the Lake",
      "body": "Utah\u2019s Great Salt Lake Strike Team emphasizes that conservation only helps if saved water actually reaches the lake. \u2018Water shepherding\u2019\u2014tracking, accounting, and delivering conserved water to GSL\u2014requires investment in measurement and legal/accounting frameworks.",
      "tags": [
        "policy",
        "solutions"
      ],
      "image": "https://upload.wikimedia.org/wikipedia/commons/b/b1/Great_Salt_Lake_and_Interstate_80_from_plane.jpg",
      "alt": "View of I\u201180 and Great Salt Lake from above.",
      "imageCredit": "CC\u2011licensed photo via Wikimedia Commons.",
      "source": {
        "title": "Great Salt Lake Strike Team: Data & Insights; Utah Policy summary",
        "link": "https://wilkescenter.utah.edu/home/great-salt-lake-strike-team/"
      }
    }
  ],
  "stories": [
    {
      "id": "s1",
      "title": "Field Note",
      "body": "\u201cI watched eared grebes raft by the tens of thousands one October\u2014proof that this lake is a living refueling station.\u201d",
      "credit": "Add your name \u2022 Role"
    },
    {
      "id": "s2",
      "title": "Community Voice",
      "body": "\u201cDust episodes remind us that lake levels are a public\u2011health issue. Keeping water in the lake protects people.\u201d",
      "credit": "Add your name \u2022 Affiliation"
    },
    {
      "id": "s3",
      "title": "Student Perspective",
      "body": "\u201cDesignating a National Park could galvanize national attention and funding. It would also inspire the next generation of stewards.\u201d",
      "credit": "Add your name \u2022 BYU student"
    }
  ],
  "actions": [
    {
      "id": "a1",
      "title": "Sign & Share the Pledge",
      "body": "Add your name to support National Park designation\u2014then share this app with 2 friends.",
      "points": 5,
      "type": "share"
    },
    {
      "id": "a2",
      "title": "Email Your Representative",
      "body": "Use the template below. Personal stories about health, wildlife, or outdoor experiences near the lake are powerful.",
      "points": 10,
      "type": "email"
    },
    {
      "id": "a3",
      "title": "Attend a Local Meeting",
      "body": "Join a city/county or state water meeting; submit a comment asking to prioritize inflows to Great Salt Lake.",
      "points": 10,
      "type": "log"
    },
    {
      "id": "a4",
      "title": "Learn & Teach",
      "body": "Read two Learn posts and explain one key fact to a friend or class.",
      "points": 5,
      "type": "log"
    }
  ],
  "letterTemplate": {
    "subject": "Support National Park designation for the Great Salt Lake",
    "body": "Dear Representative/Official,\n\nI support designating the Great Salt Lake as a National Park. The lake is a hemispherically important bird hub, a public\u2011health priority, and an economic asset. After the 2022 historic low, recovery remains fragile without assured inflows. Please champion water shepherding, funding, and federal designation studies.\n\nThank you for your leadership.\n\nSincerely,\n[Your Name]\n[City, State]"
  }
}